## Postgres example of Alias and INNER JOIN

    motorsport=# SELECT * FROM f1_drivers;

     id | driver |   team   
    ----+--------+----------
      1 | lewis  | mercedes
      2 | max    | red bull
      3 | kimi   | alfa
      4 | george | williams
    (4 rows)

--------------------------------
    motorsport=# SELECT * FROM f1_teams;
     id | team_name 
    ----+-----------
      1 | williams
      2 | mercedes
      3 | red bull
      4 | alfa
      5 | haas
      6 | alpine
      7 | ferrari
    (7 rows)
---------------------------------
    motorsport=# SELECT team_name FROM f1_teams AS tm INNER JOIN f1_drivers ON tm.team_name = f1_drivers.team;
     team_name 
    -----------
     williams
     mercedes
     red bull
     alfa
    (4 rows)